,Time,Action,Destination,Origin,Protocol,Source Port,Destination Port,Source,Service Name,Interface Name,Interface Direction,Out-Zone,Rule UID,Attack Name,Attaque_DETECTEE
464774,"02/Jul/2018,11:51:42",Reject,185.145.76.140 (services-recmet2.agirc-arrco.fr),CACPOER1,6 (TCP),46904,80,54.37.200.171,http,eth3,outbound,,{B2AE4DEA-46A0-4938-84CE-12B84B0DEF2C},Web Server Enforcement Violation,Web Server Enforcement Violation
475969,"02/Jul/2018,11:51:30",Reject,185.145.76.98 (espace-personnel.agirc-arrco.fr),CACPOER1,6 (TCP),35546,80,54.37.200.171,http,eth3,outbound,,{B2AE4DEA-46A0-4938-84CE-12B84B0DEF2C},Web Server Enforcement Violation,Web Server Enforcement Violation
477505,"02/Jul/2018,11:51:28",Reject,185.145.76.182 (www.santeavc.com),CACPOER1,6 (TCP),37524,80,54.37.200.171,http,eth3,outbound,,{B2AE4DEA-46A0-4938-84CE-12B84B0DEF2C},Web Server Enforcement Violation,Web Server Enforcement Violation
477506,"02/Jul/2018,11:51:28",Reject,185.145.76.136 (www.santecolas.com),CACPOER1,6 (TCP),51286,80,54.37.200.171,http,eth3,outbound,,{B2AE4DEA-46A0-4938-84CE-12B84B0DEF2C},Web Server Enforcement Violation,Web Server Enforcement Violation
477894,"02/Jul/2018,11:51:28",Reject,185.145.76.142 (www.tpcomplementaire.fr),CACPOER1,6 (TCP),34454,80,54.37.200.171,http,eth3,outbound,,{B2AE4DEA-46A0-4938-84CE-12B84B0DEF2C},Web Server Enforcement Violation,Web Server Enforcement Violation
552837,"02/Jul/2018,11:50:10",Reject,185.145.76.134 (www.lourmel.com),CACPOER1,,,80,54.37.200.171,,,,,{B2AE4DEA-46A0-4938-84CE-12B84B0DEF2C},Web Server Enforcement Violation,Web Server Enforcement Violation
556448,"02/Jul/2018,11:50:07",Reject,185.145.76.180 (www.protectionsante-salaries.com),CACPOER1,,,80,54.37.200.171,,,,,{B2AE4DEA-46A0-4938-84CE-12B84B0DEF2C},Web Server Enforcement Violation,Web Server Enforcement Violation
557795,"02/Jul/2018,11:50:06",Reject,185.145.76.154 (www.infos.probtp.com),CACPOER1,,,80,54.37.200.171,,,,,{B2AE4DEA-46A0-4938-84CE-12B84B0DEF2C},Web Server Enforcement Violation,Web Server Enforcement Violation
595315,"02/Jul/2018,11:49:29",Reject,185.145.76.181 (www.postulerseveane.com),CACPOER1,,,80,54.37.200.171,,,,,{B2AE4DEA-46A0-4938-84CE-12B84B0DEF2C},Web Server Enforcement Violation,Web Server Enforcement Violation
595316,"02/Jul/2018,11:49:29",Reject,185.145.76.182 (www.santeavc.com),CACPOER1,,,80,54.37.200.171,,,,,{B2AE4DEA-46A0-4938-84CE-12B84B0DEF2C},Web Server Enforcement Violation,Web Server Enforcement Violation
595317,"02/Jul/2018,11:49:29",Reject,185.145.76.136 (www.santecolas.com),CACPOER1,,,80,54.37.200.171,,,,,{B2AE4DEA-46A0-4938-84CE-12B84B0DEF2C},Web Server Enforcement Violation,Web Server Enforcement Violation
595318,"02/Jul/2018,11:49:29",Reject,185.145.76.174 (www.izilio-btp.fr),CACPOER1,,,80,54.37.200.171,,,,,{B2AE4DEA-46A0-4938-84CE-12B84B0DEF2C},Web Server Enforcement Violation,Web Server Enforcement Violation
596200,"02/Jul/2018,11:49:28",Reject,185.145.76.98 (espace-personnel.agirc-arrco.fr),CACPOER1,,,80,54.37.200.171,,,,,{B2AE4DEA-46A0-4938-84CE-12B84B0DEF2C},Web Server Enforcement Violation,Web Server Enforcement Violation
668485,"02/Jul/2018,11:48:10",Reject,185.145.76.134 (www.lourmel.com),CACPOER1,6 (TCP),44882,80,54.37.200.171,http,eth3,outbound,,{B2AE4DEA-46A0-4938-84CE-12B84B0DEF2C},Web Server Enforcement Violation,Web Server Enforcement Violation
671706,"02/Jul/2018,11:48:07",Reject,185.145.76.180 (www.protectionsante-salaries.com),CACPOER1,6 (TCP),38424,80,54.37.200.171,http,eth3,outbound,,{B2AE4DEA-46A0-4938-84CE-12B84B0DEF2C},Web Server Enforcement Violation,Web Server Enforcement Violation
672947,"02/Jul/2018,11:48:06",Reject,185.145.76.154 (www.infos.probtp.com),CACPOER1,6 (TCP),54416,80,54.37.200.171,http,eth3,outbound,,{B2AE4DEA-46A0-4938-84CE-12B84B0DEF2C},Web Server Enforcement Violation,Web Server Enforcement Violation
673669,"02/Jul/2018,11:48:05",Reject,185.145.76.140 (services-recmet2.agirc-arrco.fr),CACPOER1,6 (TCP),35650,80,54.37.200.171,http,eth3,outbound,,{B2AE4DEA-46A0-4938-84CE-12B84B0DEF2C},Web Server Enforcement Violation,Web Server Enforcement Violation
675750,"02/Jul/2018,11:48:03",Reject,185.145.76.142 (www.tpcomplementaire.fr),CACPOER1,6 (TCP),57872,80,54.37.200.171,http,eth3,outbound,,{B2AE4DEA-46A0-4938-84CE-12B84B0DEF2C},Web Server Enforcement Violation,Web Server Enforcement Violation
708532,"02/Jul/2018,11:47:30",Reject,185.145.76.135 (www.korelio.com),CACPOER1,6 (TCP),57138,80,54.37.200.171,http,eth3,outbound,,{B2AE4DEA-46A0-4938-84CE-12B84B0DEF2C},Web Server Enforcement Violation,Web Server Enforcement Violation
708533,"02/Jul/2018,11:47:30",Reject,185.145.76.150 (www.seveane.com),CACPOER1,6 (TCP),41300,80,54.37.200.171,http,eth3,outbound,,{B2AE4DEA-46A0-4938-84CE-12B84B0DEF2C},Web Server Enforcement Violation,Web Server Enforcement Violation
709039,"02/Jul/2018,11:47:29",Reject,185.145.76.126 (simulateur.info-retraite.fr),CACPOER1,6 (TCP),58680,80,54.37.200.171,http,eth3,outbound,,{B2AE4DEA-46A0-4938-84CE-12B84B0DEF2C},Web Server Enforcement Violation,Web Server Enforcement Violation
709040,"02/Jul/2018,11:47:29",Reject,185.145.76.165 (adherents.btpr.fr),CACPOER1,6 (TCP),59262,80,54.37.200.171,http,eth3,outbound,,{B2AE4DEA-46A0-4938-84CE-12B84B0DEF2C},Web Server Enforcement Violation,Web Server Enforcement Violation
709041,"02/Jul/2018,11:47:29",Reject,185.145.76.181 (www.postulerseveane.com),CACPOER1,6 (TCP),34978,80,54.37.200.171,http,eth3,outbound,,{B2AE4DEA-46A0-4938-84CE-12B84B0DEF2C},Web Server Enforcement Violation,Web Server Enforcement Violation
709042,"02/Jul/2018,11:47:29",Reject,185.145.76.188 (simulateur-retraite.agirc-arrco.fr),CACPOER1,6 (TCP),36752,80,54.37.200.171,http,eth3,outbound,,{B2AE4DEA-46A0-4938-84CE-12B84B0DEF2C},Web Server Enforcement Violation,Web Server Enforcement Violation
709043,"02/Jul/2018,11:47:29",Reject,185.145.76.182 (www.santeavc.com),CACPOER1,6 (TCP),34306,80,54.37.200.171,http,eth3,outbound,,{B2AE4DEA-46A0-4938-84CE-12B84B0DEF2C},Web Server Enforcement Violation,Web Server Enforcement Violation
709044,"02/Jul/2018,11:47:29",Reject,185.145.76.136 (www.santecolas.com),CACPOER1,6 (TCP),48110,80,54.37.200.171,http,eth3,outbound,,{B2AE4DEA-46A0-4938-84CE-12B84B0DEF2C},Web Server Enforcement Violation,Web Server Enforcement Violation
709045,"02/Jul/2018,11:47:29",Reject,185.145.76.167 (www.mutuellesade.fr),CACPOER1,6 (TCP),50250,80,54.37.200.171,http,eth3,outbound,,{B2AE4DEA-46A0-4938-84CE-12B84B0DEF2C},Web Server Enforcement Violation,Web Server Enforcement Violation
709046,"02/Jul/2018,11:47:29",Reject,185.145.76.174 (www.izilio-btp.fr),CACPOER1,6 (TCP),33950,80,54.37.200.171,http,eth3,outbound,,{B2AE4DEA-46A0-4938-84CE-12B84B0DEF2C},Web Server Enforcement Violation,Web Server Enforcement Violation
709374,"02/Jul/2018,11:47:29",Reject,185.145.76.171 (www.izilio.com),CACPOER1,6 (TCP),54798,80,54.37.200.171,http,eth3,outbound,,{B2AE4DEA-46A0-4938-84CE-12B84B0DEF2C},Web Server Enforcement Violation,Web Server Enforcement Violation
709375,"02/Jul/2018,11:47:29",Reject,185.145.76.144 (www.vrf.fr),CACPOER1,6 (TCP),44900,80,54.37.200.171,http,eth3,outbound,,{B2AE4DEA-46A0-4938-84CE-12B84B0DEF2C},Web Server Enforcement Violation,Web Server Enforcement Violation
709376,"02/Jul/2018,11:47:29",Reject,185.145.76.187 (preproduction-simulateur-retraite.agirc-arrco.fr),CACPOER1,6 (TCP),53284,80,54.37.200.171,http,eth3,outbound,,{B2AE4DEA-46A0-4938-84CE-12B84B0DEF2C},Web Server Enforcement Violation,Web Server Enforcement Violation
709511,"02/Jul/2018,11:47:29",Reject,185.145.76.98 (espace-personnel.agirc-arrco.fr),CACPOER1,6 (TCP),59126,80,54.37.200.171,http,eth3,outbound,,{B2AE4DEA-46A0-4938-84CE-12B84B0DEF2C},Web Server Enforcement Violation,Web Server Enforcement Violation
709512,"02/Jul/2018,11:47:29",Reject,185.145.76.127 (preprod-simulateur.info-retraite.fr),CACPOER1,6 (TCP),39806,80,54.37.200.171,http,eth3,outbound,,{B2AE4DEA-46A0-4938-84CE-12B84B0DEF2C},Web Server Enforcement Violation,Web Server Enforcement Violation
709513,"02/Jul/2018,11:47:29",Reject,185.145.76.157 (ws-rise.integration.retraite-repartition.fr),CACPOER1,6 (TCP),59988,80,54.37.200.171,http,eth3,outbound,,{B2AE4DEA-46A0-4938-84CE-12B84B0DEF2C},Web Server Enforcement Violation,Web Server Enforcement Violation
